,Id,MSSubClass,MSZoning,LotFrontage,LotArea,Street,Alley,LotShape,LandContour,Utilities,LotConfig,LandSlope,Neighborhood,Condition1,Condition2,BldgType,HouseStyle,OverallQual,OverallCond,YearBuilt,YearRemodAdd,RoofStyle,RoofMatl,Exterior1st,Exterior2nd,MasVnrType,MasVnrArea,ExterQual,ExterCond,Foundation,BsmtQual,BsmtCond,BsmtExposure,BsmtFinType1,BsmtFinSF1,BsmtFinType2,BsmtFinSF2,BsmtUnfSF,TotalBsmtSF,Heating,HeatingQC,CentralAir,Electrical,1stFlrSF,2ndFlrSF,LowQualFinSF,GrLivArea,BsmtFullBath,BsmtHalfBath,FullBath,HalfBath,BedroomAbvGr,KitchenAbvGr,KitchenQual,TotRmsAbvGrd,Functional,Fireplaces,FireplaceQu,GarageType,GarageYrBlt,GarageFinish,GarageCars,GarageArea,GarageQual,GarageCond,PavedDrive,WoodDeckSF,OpenPorchSF,EnclosedPorch,3SsnPorch,ScreenPorch,PoolArea,PoolQC,Fence,MiscFeature,MiscVal,MoSold,YrSold,SaleType,SaleCondition,SalePrice,Log_SalePrice
17,18,90,RL,72.0,10791,Pave,No Alley,Reg,Lvl,AllPub,Inside,Gtl,Sawyer,Norm,Norm,Duplex,1Story,4,5,1967,1967,Gable,CompShg,MetalSd,MetalSd,No Masonry Veneer,0.0,TA,TA,Slab,No Basement,No Basement,No Basement,No Basement,0,No Basement,0,0,0,GasA,TA,Y,SBrkr,1296,0,0,1296,0,0,2,0,2,2,TA,6,Typ,0,No Fireplace,CarPort,1967.0,Unf,2,516,TA,TA,Y,0,0,0,0,0,0,No Pool,No Fence,Shed,500,10,2006,WD,Normal,90000,11.407576060361786
30,31,70,C (all),50.0,8500,Pave,Pave,Reg,Lvl,AllPub,Inside,Gtl,IDOTRR,Feedr,Norm,1Fam,2Story,4,4,1920,1950,Gambrel,CompShg,BrkFace,BrkFace,No Masonry Veneer,0.0,TA,Fa,BrkTil,TA,TA,No,Unf,0,Unf,0,649,649,GasA,TA,N,SBrkr,649,668,0,1317,0,0,1,0,3,1,TA,6,Typ,0,No Fireplace,Detchd,1920.0,Unf,1,250,TA,Fa,N,0,54,172,0,0,0,No Pool,MnPrv,No Misc,0,7,2008,WD,Normal,40000,10.596659732783579
70,71,20,RL,95.0,13651,Pave,No Alley,IR1,Lvl,AllPub,Inside,Gtl,NAmes,Norm,Norm,1Fam,1Story,7,6,1973,1973,Gable,CompShg,Plywood,Plywood,BrkFace,1115.0,TA,Gd,CBlock,Gd,TA,Gd,ALQ,1880,Unf,0,343,2223,GasA,Ex,Y,SBrkr,2223,0,0,2223,1,0,2,0,3,1,TA,8,Typ,2,Gd,Attchd,1973.0,Fin,2,516,TA,TA,Y,300,0,0,0,0,0,No Pool,No Fence,No Misc,0,2,2007,WD,Normal,244000,12.404927602627597
126,127,120,RL,63.112565963328166,4928,Pave,No Alley,IR1,Lvl,AllPub,Inside,Gtl,NPkVill,Norm,Norm,TwnhsE,1Story,6,5,1976,1976,Gable,CompShg,Plywood,Plywood,No Masonry Veneer,0.0,TA,TA,CBlock,Gd,TA,No,ALQ,120,Unf,0,958,1078,GasA,TA,Y,SBrkr,958,0,0,958,0,0,2,0,2,1,TA,5,Typ,1,TA,Attchd,1977.0,RFn,2,440,TA,TA,Y,0,205,0,0,0,0,No Pool,No Fence,No Misc,0,2,2007,WD,Normal,128000,11.759793355371237
130,131,60,RL,88.0,14200,Pave,No Alley,Reg,Lvl,AllPub,Corner,Gtl,NAmes,Norm,Norm,1Fam,2Story,7,6,1966,1966,Gable,CompShg,MetalSd,MetalSd,BrkFace,309.0,TA,TA,CBlock,TA,TA,No,Rec,445,Unf,0,479,924,GasA,Ex,Y,SBrkr,1216,941,0,2157,0,0,2,1,4,1,Gd,8,Typ,2,Gd,Attchd,1966.0,Fin,2,487,TA,TA,Y,105,66,0,0,0,0,No Pool,GdPrv,No Misc,0,5,2006,WD,Normal,226000,12.328294703023394
131,132,60,RL,65.0,12224,Pave,No Alley,IR1,Lvl,AllPub,Corner,Gtl,Gilbert,Norm,Norm,1Fam,2Story,6,5,2000,2000,Gable,CompShg,VinylSd,VinylSd,BrkFace,40.0,Gd,TA,PConc,Gd,TA,No,GLQ,695,Unf,0,297,992,GasA,Ex,Y,SBrkr,1022,1032,0,2054,1,0,2,1,3,1,Gd,7,Typ,1,TA,BuiltIn,2000.0,RFn,2,390,TA,TA,Y,24,48,0,0,0,0,No Pool,No Fence,No Misc,0,7,2009,WD,Normal,244000,12.404927602627597
159,160,60,RL,134.0,19378,Pave,No Alley,IR1,HLS,AllPub,Corner,Gtl,Gilbert,Norm,Norm,1Fam,2Story,7,5,2005,2006,Gable,CompShg,VinylSd,VinylSd,BrkFace,456.0,Gd,TA,PConc,Gd,TA,Mn,GLQ,57,Unf,0,1335,1392,GasA,Ex,Y,SBrkr,1392,1070,0,2462,1,0,2,1,4,1,Gd,9,Typ,1,Gd,Attchd,2006.0,RFn,2,576,TA,TA,Y,239,132,0,168,0,0,No Pool,No Fence,No Misc,0,3,2006,New,Partial,320000,12.676079399771027
185,186,75,RM,90.0,22950,Pave,No Alley,IR2,Lvl,AllPub,Inside,Gtl,OldTown,Artery,Norm,1Fam,2.5Fin,10,9,1892,1993,Gable,WdShngl,Wd Sdng,Wd Sdng,No Masonry Veneer,0.0,Gd,Gd,BrkTil,TA,TA,Mn,Unf,0,Unf,0,1107,1107,GasA,Ex,Y,SBrkr,1518,1518,572,3608,0,0,2,1,4,1,Ex,12,Typ,2,TA,Detchd,1993.0,Unf,3,840,Ex,TA,Y,0,260,0,0,410,0,No Pool,GdPrv,No Misc,0,6,2006,WD,Normal,475000,13.07107218827772
197,198,75,RL,174.0,25419,Pave,No Alley,Reg,Lvl,AllPub,Corner,Gtl,NAmes,Artery,Norm,1Fam,2Story,8,4,1918,1990,Gable,CompShg,Stucco,Stucco,No Masonry Veneer,0.0,Gd,Gd,PConc,TA,TA,No,GLQ,1036,LwQ,184,140,1360,GasA,Gd,Y,SBrkr,1360,1360,392,3112,1,1,2,0,4,1,Gd,8,Typ,1,Ex,Detchd,1918.0,Unf,2,795,TA,TA,Y,0,16,552,0,0,512,Ex,GdPrv,No Misc,0,3,2006,WD,Abnorml,235000,12.367345048436391
277,278,20,RL,140.0,19138,Pave,No Alley,Reg,Lvl,AllPub,Corner,Gtl,Gilbert,Norm,Norm,1Fam,1Story,4,5,1951,1951,Gable,CompShg,VinylSd,VinylSd,No Masonry Veneer,0.0,TA,TA,CBlock,TA,TA,No,LwQ,120,Unf,0,744,864,GasA,Ex,Y,SBrkr,864,0,0,864,0,0,1,0,2,1,TA,4,Typ,0,No Fireplace,Detchd,1951.0,Unf,2,400,TA,TA,Y,0,0,0,0,0,0,No Pool,No Fence,No Misc,0,6,2010,WD,Normal,141000,11.856522261533737
287,288,20,RL,73.0,8125,Pave,No Alley,IR1,Lvl,AllPub,Corner,Gtl,NAmes,Norm,Norm,1Fam,1Story,4,4,1971,1971,Gable,CompShg,HdBoard,HdBoard,No Masonry Veneer,0.0,TA,TA,CBlock,TA,TA,No,BLQ,614,Unf,0,244,858,GasA,TA,Y,SBrkr,858,0,0,858,0,0,1,0,3,1,TA,5,Typ,0,No Fireplace,No Garage,0.0,No Garage,0,0,No Garage,No Garage,Y,0,0,0,0,0,0,No Pool,No Fence,No Misc,0,6,2006,WD,Normal,88000,11.385103457032141
304,305,75,RM,87.0,18386,Pave,No Alley,Reg,Lvl,AllPub,Inside,Gtl,OldTown,Norm,Norm,1Fam,2.5Fin,7,9,1880,2002,Gable,CompShg,CemntBd,CmentBd,No Masonry Veneer,0.0,TA,TA,BrkTil,TA,TA,No,Unf,0,Unf,0,1470,1470,GasA,Ex,Y,SBrkr,1675,1818,0,3493,0,0,3,0,3,1,Gd,10,Typ,1,Ex,Attchd,2003.0,Unf,3,870,TA,TA,Y,302,0,0,0,0,0,No Pool,No Fence,No Misc,0,5,2008,WD,Normal,295000,12.59473402514672
324,325,80,RL,96.0,11275,Pave,No Alley,Reg,Lvl,AllPub,Corner,Gtl,NAmes,PosN,Norm,1Fam,SLvl,7,7,1967,2007,Mansard,WdShake,Wd Sdng,Wd Sdng,BrkFace,300.0,Gd,Gd,CBlock,Gd,TA,No,Unf,0,Unf,0,710,710,GasA,Ex,Y,SBrkr,1898,1080,0,2978,0,0,2,1,5,1,Gd,11,Typ,1,Gd,BuiltIn,1961.0,Fin,2,564,TA,TA,Y,240,0,0,0,0,0,No Pool,No Fence,No Misc,0,6,2010,WD,Normal,242000,12.396697137361691
342,343,90,RL,73.0,8544,Pave,No Alley,Reg,Lvl,AllPub,Inside,Gtl,NAmes,Norm,Norm,Duplex,1Story,3,4,1949,1950,Gable,CompShg,Stucco,Stucco,BrkFace,340.0,TA,TA,Slab,No Basement,No Basement,No Basement,No Basement,0,No Basement,0,0,0,Wall,Fa,N,FuseA,1040,0,0,1040,0,0,2,0,2,2,TA,6,Typ,0,No Fireplace,Detchd,1949.0,Unf,2,400,TA,TA,Y,0,0,0,0,0,0,No Pool,No Fence,No Misc,0,5,2006,WD,Normal,87500,11.37940550085183
383,384,45,RH,60.0,9000,Pave,No Alley,Reg,Lvl,AllPub,Corner,Gtl,SawyerW,Norm,Norm,1Fam,1.5Unf,6,3,1928,1950,Gable,CompShg,Wd Sdng,Wd Sdng,No Masonry Veneer,0.0,TA,TA,BrkTil,Fa,Fa,No,Unf,0,Unf,0,784,784,GasA,TA,N,FuseA,784,0,0,784,0,0,1,0,2,1,TA,5,Typ,0,No Fireplace,Detchd,1950.0,Unf,2,360,Fa,Fa,N,0,0,91,0,0,0,No Pool,No Fence,No Misc,0,10,2009,WD,Normal,76000,11.23850177707664
462,463,20,RL,60.0,8281,Pave,No Alley,IR1,Lvl,AllPub,Inside,Gtl,Sawyer,Norm,Norm,1Fam,1Story,5,5,1965,1965,Gable,CompShg,MetalSd,MetalSd,No Masonry Veneer,0.0,TA,TA,CBlock,TA,TA,No,Rec,553,BLQ,311,0,864,GasA,Gd,Y,SBrkr,864,0,0,864,0,0,1,0,3,1,TA,5,Typ,1,Po,Detchd,1965.0,Unf,1,360,TA,TA,Y,0,0,236,0,0,0,No Pool,GdWo,No Misc,0,12,2009,WD,Normal,62383,11.04106411122238
495,496,30,C (all),60.0,7879,Pave,No Alley,Reg,Lvl,AllPub,Inside,Gtl,IDOTRR,Norm,Norm,1Fam,1Story,4,5,1920,1950,Gable,CompShg,Wd Sdng,Wd Sdng,No Masonry Veneer,0.0,TA,TA,CBlock,TA,TA,No,Rec,495,Unf,0,225,720,GasA,TA,N,FuseA,720,0,0,720,0,0,1,0,2,1,TA,4,Typ,0,No Fireplace,No Garage,0.0,No Garage,0,0,No Garage,No Garage,N,0,523,115,0,0,0,No Pool,GdWo,No Misc,0,11,2009,WD,Abnorml,34900,10.460270761075149
533,534,20,RL,50.0,5000,Pave,No Alley,Reg,Low,AllPub,Inside,Mod,BrkSide,Norm,Norm,1Fam,1Story,1,3,1946,1950,Gable,CompShg,VinylSd,VinylSd,No Masonry Veneer,0.0,Fa,Fa,Slab,No Basement,No Basement,No Basement,No Basement,0,No Basement,0,0,0,GasA,Fa,N,FuseF,334,0,0,334,0,0,1,0,1,1,Fa,2,Typ,0,No Fireplace,No Garage,0.0,No Garage,0,0,No Garage,No Garage,N,0,0,0,0,0,0,No Pool,No Fence,No Misc,0,1,2007,WD,Normal,39300,10.579005242826247
583,584,75,RM,75.0,13500,Pave,No Alley,Reg,Lvl,AllPub,Inside,Gtl,OldTown,Artery,PosA,1Fam,2.5Unf,10,9,1893,2000,Gable,CompShg,Wd Sdng,Wd Sdng,No Masonry Veneer,0.0,Ex,Ex,BrkTil,TA,TA,No,Unf,0,Unf,0,1237,1237,GasA,Gd,Y,SBrkr,1521,1254,0,2775,0,0,3,1,3,1,Gd,9,Typ,1,Gd,Detchd,1988.0,Unf,2,880,Gd,TA,Y,105,502,0,0,0,0,No Pool,No Fence,No Misc,0,7,2008,WD,Normal,325000,12.691583538230217
632,633,20,RL,85.0,11900,Pave,No Alley,Reg,Lvl,AllPub,Inside,Gtl,NWAmes,Norm,Norm,1Fam,1Story,7,5,1977,1977,Hip,CompShg,Plywood,Plywood,BrkFace,209.0,TA,Gd,CBlock,TA,TA,No,ALQ,822,Unf,0,564,1386,GasA,TA,Y,SBrkr,1411,0,0,1411,0,0,2,0,3,1,TA,6,Typ,1,TA,Attchd,1977.0,Fin,2,544,TA,TA,Y,192,0,0,0,0,0,No Pool,No Fence,No Misc,0,4,2009,WD,Family,82500,11.320565693461432
636,637,30,RM,51.0,6120,Pave,No Alley,Reg,Lvl,AllPub,Inside,Gtl,BrkSide,Norm,Norm,1Fam,1Story,2,3,1936,1950,Gable,CompShg,AsbShng,AsbShng,No Masonry Veneer,0.0,Fa,Fa,BrkTil,TA,Fa,No,Unf,0,Unf,0,264,264,Grav,Fa,N,FuseA,800,0,0,800,0,0,1,0,1,1,Fa,4,Maj1,1,Po,No Garage,0.0,No Garage,0,0,No Garage,No Garage,N,0,0,0,0,0,0,No Pool,No Fence,No Misc,0,1,2009,ConLw,Normal,60000,11.002116507732017
642,643,80,RL,75.0,13860,Pave,No Alley,Reg,Lvl,AllPub,Inside,Gtl,NAmes,Norm,Norm,1Fam,SLvl,8,7,1972,1995,Gable,CompShg,Plywood,Wd Sdng,No Masonry Veneer,0.0,Gd,TA,CBlock,Gd,TA,Gd,GLQ,1410,Unf,0,542,1952,GasA,Gd,Y,SBrkr,2000,704,0,2704,1,0,2,1,4,1,Ex,9,Typ,3,TA,Attchd,1972.0,Fin,2,538,TA,TA,Y,269,111,0,0,0,0,No Pool,MnPrv,No Misc,0,7,2009,WD,Normal,345000,12.75130259456002
691,692,60,RL,104.0,21535,Pave,No Alley,IR1,Lvl,AllPub,Corner,Gtl,NoRidge,Norm,Norm,1Fam,2Story,10,6,1994,1995,Gable,WdShngl,HdBoard,HdBoard,BrkFace,1170.0,Ex,TA,PConc,Ex,TA,Gd,GLQ,1455,Unf,0,989,2444,GasA,Ex,Y,SBrkr,2444,1872,0,4316,0,1,3,1,4,1,Ex,10,Typ,2,Ex,Attchd,1994.0,Fin,3,832,TA,TA,Y,382,50,0,0,0,0,No Pool,No Fence,No Misc,0,1,2007,WD,Normal,755000,13.534474352733596
710,711,30,RL,56.0,4130,Pave,No Alley,IR1,Lvl,AllPub,Inside,Gtl,BrkSide,Norm,Norm,1Fam,1Story,3,6,1935,2003,Gable,CompShg,VinylSd,VinylSd,No Masonry Veneer,0.0,Gd,TA,CBlock,TA,TA,No,Unf,0,Unf,0,270,270,GasA,Gd,Y,SBrkr,729,0,0,729,0,0,1,0,2,1,TA,5,Maj2,0,No Fireplace,No Garage,0.0,No Garage,0,0,No Garage,No Garage,N,0,0,0,0,0,0,No Pool,No Fence,No Misc,0,7,2008,WD,Normal,52000,10.859018228147887
724,725,20,RL,86.0,13286,Pave,No Alley,IR1,Lvl,AllPub,Inside,Gtl,Edwards,Norm,Norm,1Fam,1Story,9,5,2007,2008,Hip,CompShg,CemntBd,CmentBd,Stone,340.0,Ex,TA,PConc,Ex,TA,No,GLQ,1234,Unf,0,464,1698,GasA,Ex,Y,SBrkr,1698,0,0,1698,1,0,2,0,3,1,Ex,8,Typ,1,Gd,Attchd,2007.0,Fin,3,768,TA,TA,Y,327,64,0,0,0,0,No Pool,No Fence,No Misc,0,2,2009,WD,Normal,320000,12.676079399771027
737,738,60,RL,72.0,10463,Pave,No Alley,IR1,HLS,AllPub,CulDSac,Gtl,Gilbert,Norm,Norm,1Fam,2Story,8,5,2005,2005,Gable,CompShg,VinylSd,VinylSd,No Masonry Veneer,0.0,Gd,TA,PConc,Gd,TA,No,Unf,0,Unf,0,893,893,GasA,Ex,Y,SBrkr,901,900,0,1801,0,0,2,1,3,1,Gd,8,Typ,1,Gd,Attchd,2005.0,Fin,3,800,TA,TA,Y,0,116,0,0,0,0,No Pool,No Fence,No Misc,0,6,2006,WD,Normal,239900,12.3879816172226
745,746,60,RL,80.0,8963,Pave,No Alley,IR1,Lvl,AllPub,Inside,Gtl,NWAmes,Norm,Norm,1Fam,2Story,8,9,1976,1996,Hip,CompShg,VinylSd,VinylSd,BrkFace,289.0,Ex,Gd,CBlock,TA,Gd,No,GLQ,575,ALQ,80,487,1142,GasA,Ex,Y,SBrkr,1175,1540,0,2715,0,1,3,1,4,1,Gd,11,Typ,2,TA,BuiltIn,1994.0,Fin,2,831,TA,TA,Y,0,204,0,0,0,0,No Pool,No Fence,No Misc,0,7,2008,WD,Normal,299800,12.61087420020211
747,748,70,RM,65.0,11700,Pave,Pave,IR1,Lvl,AllPub,Corner,Gtl,OldTown,Norm,Norm,1Fam,2Story,7,7,1880,2003,Mansard,CompShg,Stucco,Stucco,No Masonry Veneer,0.0,Gd,TA,Stone,TA,Fa,No,Unf,0,Unf,0,1240,1240,GasW,TA,N,SBrkr,1320,1320,0,2640,0,0,1,1,4,1,Gd,8,Typ,1,Gd,Detchd,1950.0,Unf,4,864,TA,TA,N,181,0,386,0,0,0,No Pool,No Fence,No Misc,0,5,2009,WD,Normal,265979,12.491176396967154
817,818,20,RL,73.0,13265,Pave,No Alley,IR1,Lvl,AllPub,CulDSac,Gtl,Mitchel,Norm,Norm,1Fam,1Story,8,5,2002,2002,Hip,CompShg,CemntBd,CmentBd,BrkFace,148.0,Gd,TA,PConc,Gd,TA,No,GLQ,1218,Unf,0,350,1568,GasA,Ex,Y,SBrkr,1689,0,0,1689,1,0,2,0,3,1,Gd,7,Typ,2,Gd,Attchd,2002.0,RFn,3,857,TA,TA,Y,150,59,0,0,0,0,No Pool,No Fence,No Misc,0,7,2008,WD,Normal,271000,12.509877789891931
874,875,50,RM,52.0,5720,Pave,No Alley,Reg,Lvl,AllPub,Inside,Gtl,OldTown,Artery,Norm,1Fam,1.5Fin,5,6,1941,1950,Gable,CompShg,Wd Sdng,Wd Sdng,No Masonry Veneer,0.0,TA,TA,CBlock,TA,TA,No,Unf,0,Unf,0,676,676,GasA,Ex,Y,SBrkr,676,455,0,1131,0,0,1,1,3,1,TA,5,Typ,0,No Fireplace,Detchd,1941.0,Unf,1,200,TA,TA,Y,26,0,0,0,0,0,No Pool,No Fence,No Misc,0,8,2009,WD,Abnorml,66500,11.104972264124868
888,889,20,RL,95.0,15865,Pave,No Alley,IR1,Lvl,AllPub,Inside,Mod,NAmes,Norm,Norm,1Fam,1Story,8,6,1970,1970,Flat,Tar&Grv,Wd Sdng,Wd Sdng,No Masonry Veneer,0.0,Gd,Gd,PConc,TA,Gd,Gd,ALQ,351,Rec,823,1043,2217,GasA,Ex,Y,SBrkr,2217,0,0,2217,1,0,2,0,4,1,Gd,8,Typ,1,TA,Attchd,1970.0,Unf,2,621,TA,TA,Y,81,207,0,0,224,0,No Pool,No Fence,No Misc,0,10,2007,WD,Normal,268000,12.498745990829315
903,904,20,RL,50.0,14859,Pave,No Alley,IR1,HLS,AllPub,CulDSac,Gtl,Gilbert,Norm,Norm,1Fam,1Story,7,5,2006,2006,Hip,CompShg,VinylSd,VinylSd,BrkFace,27.0,Gd,TA,PConc,Gd,TA,No,Unf,0,Unf,0,1670,1670,GasA,Ex,Y,SBrkr,1670,0,0,1670,0,0,2,0,3,1,Gd,7,Typ,1,Gd,Attchd,2006.0,RFn,3,690,TA,TA,Y,144,60,0,0,0,0,No Pool,No Fence,No Misc,0,8,2006,New,Partial,240000,12.388398368982115
916,917,20,C (all),50.0,9000,Pave,No Alley,Reg,Lvl,AllPub,Inside,Gtl,IDOTRR,Norm,Norm,1Fam,1Story,2,3,1949,1950,Gable,CompShg,AsbShng,AsbShng,No Masonry Veneer,0.0,TA,TA,CBlock,TA,TA,Av,BLQ,50,Unf,0,430,480,GasA,TA,N,FuseA,480,0,0,480,1,0,0,0,1,1,TA,4,Typ,0,No Fireplace,Detchd,1958.0,Unf,1,308,TA,TA,Y,0,0,0,0,0,0,No Pool,No Fence,No Misc,0,10,2006,WD,Abnorml,35311,10.471978128496518
934,935,20,RL,313.0,27650,Pave,No Alley,IR2,HLS,AllPub,Inside,Mod,NAmes,PosA,Norm,1Fam,1Story,7,7,1960,2007,Flat,Tar&Grv,Wd Sdng,Wd Sdng,No Masonry Veneer,0.0,TA,TA,CBlock,Gd,TA,Gd,GLQ,425,Unf,0,160,585,GasA,Ex,Y,SBrkr,2069,0,0,2069,1,0,2,0,4,1,Gd,9,Typ,1,Gd,Attchd,1960.0,RFn,2,505,TA,TA,Y,0,0,0,0,0,0,No Pool,No Fence,No Misc,0,11,2008,WD,Normal,242000,12.396697137361691
968,969,50,RM,50.0,5925,Pave,No Alley,Reg,Lvl,AllPub,Inside,Gtl,OldTown,Norm,Norm,1Fam,1.5Fin,3,6,1910,1950,Gable,CompShg,VinylSd,VinylSd,No Masonry Veneer,0.0,TA,TA,BrkTil,TA,TA,No,Unf,0,Unf,0,600,600,Grav,Fa,N,SBrkr,600,368,0,968,0,0,1,0,2,1,TA,6,Typ,0,No Fireplace,No Garage,0.0,No Garage,0,0,No Garage,No Garage,Y,0,0,0,0,0,0,No Pool,GdWo,No Misc,0,5,2009,WD,Abnorml,37900,10.542732775946709
1100,1101,30,RL,60.0,8400,Pave,No Alley,Reg,Bnk,AllPub,Inside,Gtl,SWISU,Norm,Norm,1Fam,1Story,2,5,1920,1950,Gable,CompShg,Wd Sdng,Wd Sdng,No Masonry Veneer,0.0,TA,TA,CBlock,TA,Fa,No,Rec,290,Unf,0,0,290,GasA,TA,N,FuseF,438,0,0,438,0,0,1,0,1,1,Fa,3,Typ,0,No Fireplace,Detchd,1930.0,Unf,1,246,TA,TA,N,0,0,0,0,0,0,No Pool,No Fence,No Misc,0,1,2009,WD,Normal,60000,11.002116507732017
1107,1108,60,RL,168.0,23257,Pave,No Alley,IR3,HLS,AllPub,CulDSac,Gtl,Gilbert,Norm,Norm,1Fam,2Story,7,5,2006,2006,Gable,CompShg,VinylSd,VinylSd,No Masonry Veneer,0.0,Gd,TA,PConc,Ex,Gd,No,Unf,0,Unf,0,868,868,GasA,Ex,Y,SBrkr,887,1134,0,2021,0,0,2,1,3,1,Gd,9,Typ,1,Gd,BuiltIn,2006.0,RFn,2,422,TA,TA,Y,0,100,0,0,0,0,No Pool,No Fence,No Misc,0,9,2006,New,Partial,274725,12.52352951631214
1127,1128,20,RL,182.0,14572,Pave,No Alley,IR3,Lvl,AllPub,Corner,Gtl,Gilbert,Norm,Norm,1Fam,1Story,7,5,2004,2004,Hip,CompShg,VinylSd,VinylSd,No Masonry Veneer,0.0,Gd,TA,PConc,Gd,TA,Av,GLQ,1300,Unf,0,230,1530,GasA,Ex,Y,SBrkr,1530,0,0,1530,1,0,2,0,3,1,Gd,7,Typ,1,Gd,Attchd,2004.0,Fin,3,630,TA,TA,Y,144,36,0,0,0,0,No Pool,No Fence,No Misc,0,11,2007,WD,Family,259000,12.464587201678082
1137,1138,50,RL,54.0,6342,Pave,No Alley,Reg,Lvl,AllPub,Inside,Gtl,Sawyer,Feedr,Norm,1Fam,1.5Fin,5,8,1875,1996,Gable,CompShg,VinylSd,VinylSd,No Masonry Veneer,0.0,TA,Gd,CBlock,TA,TA,No,Unf,0,Unf,0,780,780,GasA,Gd,N,SBrkr,780,240,0,1020,0,0,1,0,2,1,TA,6,Typ,0,No Fireplace,No Garage,0.0,No Garage,0,0,No Garage,No Garage,N,0,0,176,0,0,0,No Pool,No Fence,No Misc,0,5,2010,WD,Normal,94000,11.451060699493427
1142,1143,60,RL,77.0,9965,Pave,No Alley,Reg,Lvl,AllPub,Inside,Gtl,CollgCr,Norm,Norm,1Fam,2Story,8,5,2006,2007,Hip,CompShg,VinylSd,VinylSd,Stone,340.0,Gd,TA,PConc,Ex,TA,Gd,GLQ,1150,Unf,0,316,1466,GasA,Ex,Y,SBrkr,1466,1362,0,2828,1,0,3,0,4,1,Gd,11,Typ,1,TA,BuiltIn,2006.0,RFn,3,1052,TA,TA,Y,125,144,0,0,0,0,No Pool,No Fence,No Misc,0,4,2007,New,Partial,424870,12.959540872420414
1143,1144,20,RL,71.0,9000,Pave,No Alley,Reg,Lvl,AllPub,Inside,Gtl,Sawyer,Norm,Norm,1Fam,1Story,5,3,1959,1959,Gable,CompShg,Wd Sdng,Plywood,No Masonry Veneer,0.0,TA,TA,CBlock,TA,TA,No,GLQ,288,Unf,0,718,1006,GasA,TA,Y,SBrkr,1006,0,0,1006,0,0,1,0,3,1,TA,5,Typ,0,No Fireplace,No Garage,0.0,No Garage,0,0,No Garage,No Garage,Y,0,24,0,0,0,0,No Pool,No Fence,No Misc,0,7,2008,WD,Normal,80000,11.289794413577894
1169,1170,60,RL,118.0,35760,Pave,No Alley,IR1,Lvl,AllPub,CulDSac,Gtl,NoRidge,Norm,Norm,1Fam,2Story,10,5,1995,1996,Hip,CompShg,HdBoard,HdBoard,BrkFace,1378.0,Gd,Gd,PConc,Ex,TA,Gd,GLQ,1387,Unf,0,543,1930,GasA,Ex,Y,SBrkr,1831,1796,0,3627,1,0,3,1,4,1,Gd,10,Typ,1,TA,Attchd,1995.0,Fin,3,807,TA,TA,Y,361,76,0,0,0,0,No Pool,No Fence,No Misc,0,7,2006,WD,Normal,625000,13.345508528717259
1182,1183,60,RL,160.0,15623,Pave,No Alley,IR1,Lvl,AllPub,Corner,Gtl,NoRidge,Norm,Norm,1Fam,2Story,10,5,1996,1996,Hip,CompShg,Wd Sdng,ImStucc,No Masonry Veneer,0.0,Gd,TA,PConc,Ex,TA,Av,GLQ,2096,Unf,0,300,2396,GasA,Ex,Y,SBrkr,2411,2065,0,4476,1,0,3,1,4,1,Ex,10,Typ,2,TA,Attchd,1996.0,Fin,3,813,TA,TA,Y,171,78,0,0,0,555,Ex,MnPrv,No Misc,0,7,2007,WD,Abnorml,745000,13.521140839642674
1250,1251,20,RL,93.0,11160,Pave,No Alley,Reg,Lvl,AllPub,Corner,Gtl,NAmes,Norm,Norm,1Fam,1Story,7,5,1968,1968,Hip,CompShg,BrkFace,BrkFace,No Masonry Veneer,0.0,Gd,TA,CBlock,TA,TA,No,ALQ,1065,Unf,0,1045,2110,GasA,Ex,Y,SBrkr,2110,0,0,2110,1,0,2,1,3,1,Ex,8,Typ,2,TA,Attchd,1968.0,Fin,2,522,TA,TA,Y,0,0,0,0,0,0,No Pool,No Fence,No Misc,0,4,2010,WD,Normal,244000,12.404927602627597
1328,1329,50,RM,60.0,10440,Pave,Grvl,Reg,Lvl,AllPub,Corner,Gtl,OldTown,Norm,Norm,1Fam,1.5Fin,6,7,1920,1950,Gable,CompShg,BrkFace,Wd Sdng,No Masonry Veneer,0.0,Gd,Gd,BrkTil,Gd,TA,No,LwQ,493,Unf,0,1017,1510,GasW,Ex,Y,SBrkr,1584,1208,0,2792,0,0,2,0,5,1,TA,8,Mod,2,TA,Detchd,1920.0,Unf,2,520,Fa,TA,Y,0,547,0,0,480,0,No Pool,MnPrv,Shed,1150,6,2008,WD,Normal,256000,12.45293662970407
1337,1338,30,RM,153.0,4118,Pave,Grvl,IR1,Bnk,AllPub,Corner,Mod,OldTown,Feedr,Norm,1Fam,1Story,4,4,1941,1950,Gable,CompShg,Wd Sdng,Wd Sdng,No Masonry Veneer,0.0,TA,TA,CBlock,TA,TA,No,Unf,0,Unf,0,693,693,Grav,Fa,N,FuseA,693,0,0,693,0,0,1,0,2,1,Fa,4,Typ,0,No Fireplace,No Garage,0.0,No Garage,0,0,No Garage,No Garage,N,0,20,0,0,0,0,No Pool,No Fence,No Misc,0,3,2006,WD,Normal,52500,10.868587496017359
1376,1377,30,RL,52.0,6292,Pave,No Alley,Reg,Bnk,AllPub,Inside,Gtl,SWISU,Norm,Norm,1Fam,1Story,6,5,1930,1950,Gable,CompShg,Wd Sdng,Wd Sdng,No Masonry Veneer,0.0,TA,TA,BrkTil,Gd,TA,Mn,Rec,384,Unf,0,384,768,GasA,TA,N,SBrkr,790,0,0,790,0,0,1,0,2,1,TA,4,Typ,0,No Fireplace,Detchd,1925.0,Unf,1,160,Fa,TA,Y,0,141,0,0,0,0,No Pool,No Fence,No Misc,0,4,2008,WD,Normal,91000,11.418625774449598
1380,1381,30,RL,45.0,8212,Pave,Grvl,Reg,Lvl,AllPub,Inside,Gtl,Edwards,Norm,Norm,1Fam,1Story,3,3,1914,1950,Gable,CompShg,Stucco,Stucco,No Masonry Veneer,0.0,TA,Fa,BrkTil,TA,Fa,No,Rec,203,Unf,0,661,864,GasA,TA,N,FuseF,864,0,0,864,1,0,1,0,2,1,TA,5,Typ,0,No Fireplace,Detchd,1938.0,Unf,1,200,TA,Fa,Y,0,0,96,0,0,0,No Pool,No Fence,No Misc,0,6,2010,WD,Normal,58500,10.97679912709094
1381,1382,20,RL,73.0,12925,Pave,No Alley,IR1,Lvl,AllPub,Corner,Gtl,NAmes,Norm,Norm,1Fam,1Story,6,7,1970,1970,Gable,CompShg,BrkFace,Plywood,No Masonry Veneer,0.0,TA,TA,CBlock,TA,TA,Mn,BLQ,865,Unf,0,340,1205,GasA,Ex,Y,SBrkr,2117,0,0,2117,0,0,2,1,4,1,TA,7,Typ,2,Gd,Attchd,1970.0,Fin,2,550,TA,TA,Y,0,42,0,0,0,0,No Pool,No Fence,No Misc,0,5,2008,WD,Normal,237500,12.377927112974284
1388,1389,20,RL,42.0,14892,Pave,No Alley,IR1,HLS,AllPub,CulDSac,Gtl,Gilbert,Norm,Norm,1Fam,1Story,9,5,2006,2007,Gable,CompShg,VinylSd,VinylSd,Stone,160.0,Ex,TA,PConc,Ex,TA,Gd,GLQ,1320,Unf,0,426,1746,GasA,Ex,Y,SBrkr,1746,0,0,1746,1,0,2,0,3,1,Ex,7,Typ,2,Gd,Attchd,2006.0,Fin,3,758,TA,TA,Y,201,39,0,0,0,0,No Pool,No Fence,No Misc,0,10,2009,WD,Normal,377500,12.84132849667433
1412,1413,90,RL,60.0,7200,Pave,No Alley,Reg,Lvl,AllPub,Inside,Gtl,NAmes,Norm,Norm,Duplex,1Story,4,5,1949,1950,Gable,CompShg,BrkFace,Stone,No Masonry Veneer,0.0,TA,TA,Slab,No Basement,No Basement,No Basement,No Basement,0,No Basement,0,0,0,Wall,Fa,N,FuseF,1040,0,0,1040,0,0,2,0,2,2,TA,6,Typ,0,No Fireplace,Detchd,1956.0,Unf,2,420,TA,TA,Y,0,0,0,0,0,0,No Pool,No Fence,No Misc,0,6,2009,WD,Normal,90000,11.407576060361786
1421,1422,120,RL,53.0,4043,Pave,No Alley,Reg,Lvl,AllPub,Inside,Gtl,NPkVill,Norm,Norm,TwnhsE,1Story,6,5,1977,1977,Gable,CompShg,Plywood,Plywood,No Masonry Veneer,0.0,TA,TA,CBlock,Gd,TA,No,ALQ,360,Unf,0,709,1069,GasA,TA,Y,SBrkr,1069,0,0,1069,0,0,2,0,2,1,TA,4,Typ,1,Fa,Attchd,1977.0,RFn,2,440,TA,TA,Y,0,55,0,0,165,0,No Pool,No Fence,No Misc,0,7,2010,WD,Normal,127500,11.755879486687116
1423,1424,80,RL,108.47732737509716,19690,Pave,No Alley,IR1,Lvl,AllPub,CulDSac,Gtl,Edwards,Norm,Norm,1Fam,SLvl,6,7,1966,1966,Flat,Tar&Grv,Plywood,Plywood,No Masonry Veneer,0.0,Gd,Gd,CBlock,Gd,TA,Av,Unf,0,Unf,0,697,697,GasA,TA,Y,SBrkr,1575,626,0,2201,0,0,2,0,4,1,Gd,8,Typ,1,Gd,Attchd,1966.0,Unf,2,432,Gd,Gd,Y,586,236,0,0,0,738,Gd,GdPrv,No Misc,0,8,2006,WD,Alloca,274970,12.524420916542532
1432,1433,30,RL,60.0,10800,Pave,Grvl,Reg,Lvl,AllPub,Inside,Gtl,OldTown,Norm,Norm,1Fam,1Story,4,6,1927,2007,Gable,CompShg,Wd Sdng,Wd Sdng,No Masonry Veneer,0.0,TA,TA,BrkTil,TA,TA,No,Unf,0,Unf,0,656,656,GasA,TA,Y,SBrkr,968,0,0,968,0,0,2,0,4,1,TA,5,Typ,0,No Fireplace,Detchd,1928.0,Unf,1,216,Fa,Fa,Y,0,0,0,0,0,0,No Pool,No Fence,No Misc,0,8,2007,WD,Normal,64500,11.07443600653965
1453,1454,20,RL,90.0,17217,Pave,No Alley,Reg,Lvl,AllPub,Inside,Gtl,Mitchel,Norm,Norm,1Fam,1Story,5,5,2006,2006,Gable,CompShg,VinylSd,VinylSd,No Masonry Veneer,0.0,TA,TA,PConc,Gd,TA,No,Unf,0,Unf,0,1140,1140,GasA,Ex,Y,SBrkr,1140,0,0,1140,0,0,1,0,3,1,TA,6,Typ,0,No Fireplace,No Garage,0.0,No Garage,0,0,No Garage,No Garage,Y,36,56,0,0,0,0,No Pool,No Fence,No Misc,0,7,2006,WD,Abnorml,84500,11.344518647594766
